{"cameraMode":{"drawMode":0,"name":"Shaded","section":"Shading Mode"},"sceneLighting":true,"audioPlay":false,"sceneViewState":{"m_AlwaysRefresh":false,"showFog":true,"showSkybox":true,"showFlares":true,"showImageEffects":true,"showParticleSystems":true,"showVisualEffectGraphs":true,"m_FxEnabled":true},"in2DMode":false,"pivot":{"x":-0.20721495151519776,"y":4.28231954574585,"z":8.395105361938477},"rotation":{"x":0.45721498131752016,"y":-0.010672255419194699,"z":0.0054863570258021359,"w":0.8892762064933777},"size":11.594389915466309,"orthographic":false}